{"cameraMode":{"drawMode":0,"name":"Shaded","section":"Shading Mode"},"sceneLighting":false,"audioPlay":false,"sceneViewState":{"showFog":true,"showMaterialUpdate":false,"showSkybox":false,"showFlares":true,"showImageEffects":true,"showParticleSystems":true},"in2DMode":false,"pivot":{"x":-1.7000000476837159,"y":-2.690000057220459,"z":0.0},"rotation":{"x":-0.13636378943920136,"y":0.01693686842918396,"z":-0.0023313036654144527,"w":-0.990513026714325},"size":3.577174425125122,"orthographic":false}